
<RENDERBATCH>

  <RENDERIMG RASNAME="C:\xup\Zed\zedB_gpio_vga\SDK\SDK_Export\hw\imgs\vga_flyinglogo_0.jpg" SVGNAME="C:\xup\Zed\zedB_gpio_vga\SDK\SDK_Export\hw\imgs\vga_flyinglogo_0.svg" TMPSVGFN="C:\xup\Zed\zedB_gpio_vga\__xps\.dswkshop\vga_flyinglogo_0.svg"/>

  <RENDERIMG RASNAME="C:\xup\Zed\zedB_gpio_vga\SDK\SDK_Export\hw\imgs\util_vector_logic_0.jpg" SVGNAME="C:\xup\Zed\zedB_gpio_vga\SDK\SDK_Export\hw\imgs\util_vector_logic_0.svg" TMPSVGFN="C:\xup\Zed\zedB_gpio_vga\__xps\.dswkshop\util_vector_logic_0.svg"/>

  <RENDERIMG RASNAME="C:\xup\Zed\zedB_gpio_vga\SDK\SDK_Export\hw\imgs\pwm_ip_0.jpg" SVGNAME="C:\xup\Zed\zedB_gpio_vga\SDK\SDK_Export\hw\imgs\pwm_ip_0.svg" TMPSVGFN="C:\xup\Zed\zedB_gpio_vga\__xps\.dswkshop\pwm_ip_0.svg"/>

  <RENDERIMG RASNAME="C:\xup\Zed\zedB_gpio_vga\SDK\SDK_Export\hw\imgs\processing_system7_0.jpg" SVGNAME="C:\xup\Zed\zedB_gpio_vga\SDK\SDK_Export\hw\imgs\processing_system7_0.svg" TMPSVGFN="C:\xup\Zed\zedB_gpio_vga\__xps\.dswkshop\processing_system7_0.svg"/>

  <RENDERIMG RASNAME="C:\xup\Zed\zedB_gpio_vga\SDK\SDK_Export\hw\imgs\clock_generator_0.jpg" SVGNAME="C:\xup\Zed\zedB_gpio_vga\SDK\SDK_Export\hw\imgs\clock_generator_0.svg" TMPSVGFN="C:\xup\Zed\zedB_gpio_vga\__xps\.dswkshop\clock_generator_0.svg"/>

  <RENDERIMG RASNAME="C:\xup\Zed\zedB_gpio_vga\SDK\SDK_Export\hw\imgs\axi_vdma_0.jpg" SVGNAME="C:\xup\Zed\zedB_gpio_vga\SDK\SDK_Export\hw\imgs\axi_vdma_0.svg" TMPSVGFN="C:\xup\Zed\zedB_gpio_vga\__xps\.dswkshop\axi_vdma_0.svg"/>

  <RENDERIMG RASNAME="C:\xup\Zed\zedB_gpio_vga\SDK\SDK_Export\hw\imgs\axi_spdif_tx_0.jpg" SVGNAME="C:\xup\Zed\zedB_gpio_vga\SDK\SDK_Export\hw\imgs\axi_spdif_tx_0.svg" TMPSVGFN="C:\xup\Zed\zedB_gpio_vga\__xps\.dswkshop\axi_spdif_tx_0.svg"/>

  <RENDERIMG RASNAME="C:\xup\Zed\zedB_gpio_vga\SDK\SDK_Export\hw\imgs\axi_interconnect_2.jpg" SVGNAME="C:\xup\Zed\zedB_gpio_vga\SDK\SDK_Export\hw\imgs\axi_interconnect_2.svg" TMPSVGFN="C:\xup\Zed\zedB_gpio_vga\__xps\.dswkshop\axi_interconnect_2.svg"/>

  <RENDERIMG RASNAME="C:\xup\Zed\zedB_gpio_vga\SDK\SDK_Export\hw\imgs\axi_interconnect_1.jpg" SVGNAME="C:\xup\Zed\zedB_gpio_vga\SDK\SDK_Export\hw\imgs\axi_interconnect_1.svg" TMPSVGFN="C:\xup\Zed\zedB_gpio_vga\__xps\.dswkshop\axi_interconnect_1.svg"/>

  <RENDERIMG RASNAME="C:\xup\Zed\zedB_gpio_vga\SDK\SDK_Export\hw\imgs\axi_interconnect_0.jpg" SVGNAME="C:\xup\Zed\zedB_gpio_vga\SDK\SDK_Export\hw\imgs\axi_interconnect_0.svg" TMPSVGFN="C:\xup\Zed\zedB_gpio_vga\__xps\.dswkshop\axi_interconnect_0.svg"/>

  <RENDERIMG RASNAME="C:\xup\Zed\zedB_gpio_vga\SDK\SDK_Export\hw\imgs\axi_iic_0.jpg" SVGNAME="C:\xup\Zed\zedB_gpio_vga\SDK\SDK_Export\hw\imgs\axi_iic_0.svg" TMPSVGFN="C:\xup\Zed\zedB_gpio_vga\__xps\.dswkshop\axi_iic_0.svg"/>

  <RENDERIMG RASNAME="C:\xup\Zed\zedB_gpio_vga\SDK\SDK_Export\hw\imgs\axi_hdmi_tx_16b_0.jpg" SVGNAME="C:\xup\Zed\zedB_gpio_vga\SDK\SDK_Export\hw\imgs\axi_hdmi_tx_16b_0.svg" TMPSVGFN="C:\xup\Zed\zedB_gpio_vga\__xps\.dswkshop\axi_hdmi_tx_16b_0.svg"/>

  <RENDERIMG RASNAME="C:\xup\Zed\zedB_gpio_vga\SDK\SDK_Export\hw\imgs\axi_gpio_0.jpg" SVGNAME="C:\xup\Zed\zedB_gpio_vga\SDK\SDK_Export\hw\imgs\axi_gpio_0.svg" TMPSVGFN="C:\xup\Zed\zedB_gpio_vga\__xps\.dswkshop\axi_gpio_0.svg"/>

  <RENDERIMG RASNAME="C:\xup\Zed\zedB_gpio_vga\SDK\SDK_Export\hw\imgs\axi_dma_0.jpg" SVGNAME="C:\xup\Zed\zedB_gpio_vga\SDK\SDK_Export\hw\imgs\axi_dma_0.svg" TMPSVGFN="C:\xup\Zed\zedB_gpio_vga\__xps\.dswkshop\axi_dma_0.svg"/>

  <RENDERIMG RASNAME="C:\xup\Zed\zedB_gpio_vga\SDK\SDK_Export\hw\imgs\axi_clkgen_0.jpg" SVGNAME="C:\xup\Zed\zedB_gpio_vga\SDK\SDK_Export\hw\imgs\axi_clkgen_0.svg" TMPSVGFN="C:\xup\Zed\zedB_gpio_vga\__xps\.dswkshop\axi_clkgen_0.svg"/>

  <RENDERIMG RASNAME="C:\xup\Zed\zedB_gpio_vga\SDK\SDK_Export\hw\imgs\system_blkd.jpg" SVGNAME="C:\xup\Zed\zedB_gpio_vga\SDK\SDK_Export\hw\imgs\system_blkd.svg" TMPSVGFN="C:\xup\Zed\zedB_gpio_vga\__xps\.dswkshop\system_blkd.svg"/>

</RENDERBATCH>